width,eps_theoretical,avg_overcount
256,0.01062,368.338
512,0.00531,179.352
1024,0.00265,86.192
2048,0.00133,40.799
4096,0.00066,18.759
